batch_size;model_depth;load_cvit_time;load_cpic_time;foreward_time[];store_cprd_time
16;8;0.0848344;0.00104258;0.141986;0.0010455;1.15198;2.09245;1.15022;1.71486;1.15183;1.70986;1.15433;1.71;1.14891;1.71556;1.14825;1.71128;1.15364;1.71005;1.15256;1.73393;0.00211841;0.00323172;0.00168963
